{
  "N3": {
    "level": "N3",
    "total_kanji": 370,
    "timestamp": "2025-10-04T15:05:08.356591",
    "use_cases": {
      "reading_analysis": {
        "total_with_on": 370,
        "total_with_kun": 277,
        "total_with_both": 277,
        "missing_readings": 0,
        "kanji_without_kun": [
          "n3-003",
          "n3-004",
          "n3-010",
          "n3-013",
          "n3-019",
          "n3-022",
          "n3-023",
          "n3-027",
          "n3-030",
          "n3-032",
          "n3-033",
          "n3-035",
          "n3-037",
          "n3-043",
          "n3-044",
          "n3-046",
          "n3-049",
          "n3-050",
          "n3-061",
          "n3-064",
          "n3-072",
          "n3-079",
          "n3-080",
          "n3-099",
          "n3-100",
          "n3-114",
          "n3-115",
          "n3-123",
          "n3-126",
          "n3-131",
          "n3-132",
          "n3-133",
          "n3-139",
          "n3-155",
          "n3-156",
          "n3-161",
          "n3-168",
          "n3-180",
          "n3-184",
          "n3-191",
          "n3-192",
          "n3-194",
          "n3-195",
          "n3-196",
          "n3-197",
          "n3-199",
          "n3-200",
          "n3-217",
          "n3-218",
          "n3-220",
          "n3-228",
          "n3-237",
          "n3-238",
          "n3-239",
          "n3-244",
          "n3-249",
          "n3-252",
          "n3-253",
          "n3-257",
          "n3-265",
          "n3-268",
          "n3-271",
          "n3-274",
          "n3-282",
          "n3-288",
          "n3-297",
          "n3-298",
          "n3-300",
          "n3-305",
          "n3-310",
          "n3-315",
          "n3-319",
          "n3-320",
          "n3-322",
          "n3-324",
          "n3-325",
          "n3-328",
          "n3-329",
          "n3-330",
          "n3-331",
          "n3-342",
          "n3-344",
          "n3-347",
          "n3-351",
          "n3-352",
          "n3-353",
          "n3-355",
          "n3-357",
          "n3-358",
          "n3-361",
          "n3-362",
          "n3-363",
          "n3-364"
        ]
      },
      "example_analysis": {
        "total_examples": 400,
        "kanji_with_examples": 370,
        "kanji_without_examples": 0,
        "average_examples_per_kanji": 1.0810810810810811,
        "kanji_missing_examples": []
      },
      "meaning_analysis": {
        "total_meanings": 1058,
        "kanji_with_meanings": 370,
        "kanji_without_meanings": 0,
        "average_meanings_per_kanji": 2.8594594594594596,
        "kanji_missing_meanings": []
      },
      "stroke_analysis": {
        "total_with_strokes": 370,
        "kanji_without_strokes": 0,
        "average_strokes": 9.651351351351352,
        "min_strokes": 2,
        "max_strokes": 21,
        "kanji_missing_strokes": []
      },
      "completeness_analysis": {
        "complete_kanji": 370,
        "incomplete_kanji": 0,
        "completeness_percentage": 100.0,
        "missing_fields": {
          "readings": 0,
          "meanings": 0,
          "examples": 0,
          "strokes": 0
        }
      }
    }
  },
  "N2": {
    "level": "N2",
    "total_kanji": 374,
    "timestamp": "2025-10-04T15:05:10.708348",
    "use_cases": {
      "reading_analysis": {
        "total_with_on": 374,
        "total_with_kun": 323,
        "total_with_both": 323,
        "missing_readings": 0,
        "kanji_without_kun": [
          "n2-055",
          "n2-056",
          "n2-062",
          "n2-065",
          "n2-066",
          "n2-067",
          "n2-069",
          "n2-079",
          "n2-085",
          "n2-091",
          "n2-097",
          "n2-106",
          "n2-113",
          "n2-120",
          "n2-127",
          "n2-134",
          "n2-141",
          "n2-148",
          "n2-153",
          "n2-156",
          "n2-158",
          "n2-162",
          "n2-165",
          "n2-166",
          "n2-170",
          "n2-177",
          "n2-184",
          "n2-185",
          "n2-192",
          "n2-201",
          "n2-206",
          "n2-208",
          "n2-216",
          "n2-218",
          "n2-226",
          "n2-228",
          "n2-236",
          "n2-238",
          "n2-246",
          "n2-248",
          "n2-251",
          "n2-256",
          "n2-258",
          "n2-266",
          "n2-268",
          "n2-276",
          "n2-278",
          "n2-286",
          "n2-288",
          "n2-296",
          "n2-298"
        ]
      },
      "example_analysis": {
        "total_examples": 1138,
        "kanji_with_examples": 374,
        "kanji_without_examples": 0,
        "average_examples_per_kanji": 3.0427807486631018,
        "kanji_missing_examples": []
      },
      "meaning_analysis": {
        "total_meanings": 725,
        "kanji_with_meanings": 374,
        "kanji_without_meanings": 0,
        "average_meanings_per_kanji": 1.9385026737967914,
        "kanji_missing_meanings": []
      },
      "stroke_analysis": {
        "total_with_strokes": 374,
        "kanji_without_strokes": 0,
        "average_strokes": 8.981283422459892,
        "min_strokes": 1,
        "max_strokes": 17,
        "kanji_missing_strokes": []
      },
      "completeness_analysis": {
        "complete_kanji": 374,
        "incomplete_kanji": 0,
        "completeness_percentage": 100.0,
        "missing_fields": {
          "readings": 0,
          "meanings": 0,
          "examples": 0,
          "strokes": 0
        }
      }
    }
  }
}